season,team,coach,from
2022,ATL,Nate McMillan,
2022,BOS,Ime Udoka,
2022,BKN,Steve Nash,
2022,CHA,James Borrego,
2022,CHI,Billy Donovan,
2022,CLE,J.B. Bickerstaff,
2022,DAL,Jason Kidd,
2022,DEN,Michael Malone,
2022,DET,Dwane Casey,
2022,GSW,Steve Kerr,
2022,HOU,Stephen Silas,
2022,IND,Rick Carlisle,
2022,LAC,Tyronn Lue,
2022,LAL,Frank Vogel,
2022,MEM,Taylor Jenkins,
2022,MIA,Erik Spoelstra,
2022,MIL,Mike Budenholzer,
2022,MIN,Chris Finch,
2022,NOP,Willie Green,
2022,NYK,Tom Thibodeau,
2022,OKC,Mark Daigneault,
2022,ORL,Jamahl Mosley,
2022,PHI,Doc Rivers,
2022,PHX,Monty Williams,
2022,POR,Chauncey Billups,
2022,SAC,Luke Walton,
2022,SAC,Alvin Gentry,2021-11-21
2022,SAS,Gregg Popovich,
2022,TOR,Nick Nurse,
2022,UTA,Quin Snyder,
2022,WAS,Wes Unseld Jr.,
2023,ATL,Nate McMillan,
2023,ATL,Quin Snyder,2023-02-26
2023,BOS,Joe Mazzulla,
2023,BKN,Steve Nash,
2023,BKN,Jacque Vaughn,2022-11-01
2023,CHA,Steve Clifford,
2023,CHI,Billy Donovan,
2023,CLE,J.B. Bickerstaff,
2023,DAL,Jason Kidd,
2023,DEN,Michael Malone,
2023,DET,Dwane Casey,
2023,GSW,Steve Kerr,
2023,HOU,Stephen Silas,
2023,IND,Rick Carlisle,
2023,LAC,Tyronn Lue,
2023,LAL,Darvin Ham,
2023,MEM,Taylor Jenkins,
2023,MIA,Erik Spoelstra,
2023,MIL,Mike Budenholzer,
2023,MIN,Chris Finch,
2023,NOP,Willie Green,
2023,NYK,Tom Thibodeau,
2023,OKC,Mark Daigneault,
2023,ORL,Jamahl Mosley,
2023,PHI,Doc Rivers,
2023,PHX,Monty Williams,
2023,POR,Chauncey Billups,
2023,SAC,Mike Brown,
2023,SAS,Gregg Popovich,
2023,TOR,Nick Nurse,
2023,UTA,Will Hardy,
2023,WAS,Wes Unseld Jr.,
2024,ATL,Quin Snyder,
2024,BOS,Joe Mazzulla,
2024,BKN,Jacque Vaughn,
2024,BKN,Kevin Ollie,2024-02-19
2024,CHA,Steve Clifford,
2024,CHI,Billy Donovan,
2024,CLE,J.B. Bickerstaff,
2024,DAL,Jason Kidd,
2024,DEN,Michael Malone,
2024,DET,Monty Williams,
2024,GSW,Steve Kerr,
2024,HOU,Ime Udoka,
2024,IND,Rick Carlisle,
2024,LAC,Tyronn Lue,
2024,LAL,Darvin Ham,
2024,MEM,Taylor Jenkins,
2024,MIA,Erik Spoelstra,
2024,MIL,Adrian Griffin,
2024,MIL,Doc Rivers,2024-01-24
2024,MIN,Chris Finch,
2024,NOP,Willie Green,
2024,NYK,Tom Thibodeau,
2024,OKC,Mark Daigneault,
2024,ORL,Jamahl Mosley,
2024,PHI,Nick Nurse,
2024,PHX,Frank Vogel,
2024,POR,Chauncey Billups,
2024,SAC,Mike Brown,
2024,SAS,Gregg Popovich,
2024,TOR,Darko Rajakovic,
2024,UTA,Will Hardy,
2024,WAS,Wes Unseld Jr.,
2024,WAS,Brian Keefe,2024-01-25
2025,ATL,Quin Snyder,
2025,BOS,Joe Mazzulla,
2025,BKN,Jordi Fernandez,
2025,CHA,Charles Lee,
2025,CHI,Billy Donovan,
2025,CLE,Kenny Atkinson,
2025,DAL,Jason Kidd,
2025,DEN,Michael Malone,
2025,DEN,David Adelman,2025-04-08
2025,DET,J.B. Bickerstaff,
2025,GSW,Steve Kerr,
2025,HOU,Ime Udoka,
2025,IND,Rick Carlisle,
2025,LAC,Tyronn Lue,
2025,LAL,JJ Redick,
2025,MEM,Taylor Jenkins,
2025,MEM,Tuomas Iisalo,2025-03-28
2025,MIA,Erik Spoelstra,
2025,MIL,Doc Rivers,
2025,MIN,Chris Finch,
2025,NOP,Willie Green,
2025,NYK,Tom Thibodeau,
2025,OKC,Mark Daigneault,
2025,ORL,Jamahl Mosley,
2025,PHI,Nick Nurse,
2025,PHX,Mike Budenholzer,
2025,POR,Chauncey Billups,
2025,SAC,Mike Brown,
2025,SAC,Doug Christie,2024-12-27
2025,SAS,Gregg Popovich,
2025,SAS,Mitch Johnson,2024-11-03
2025,TOR,Darko Rajakovic,
2025,UTA,Will Hardy,
2025,WAS,Brian Keefe,
2026,ATL,Quin Snyder,
2026,BOS,Joe Mazzulla,
2026,BKN,Jordi Fernandez,
2026,CHA,Charles Lee,
2026,CHI,Billy Donovan,
2026,CLE,Kenny Atkinson,
2026,DAL,Jason Kidd,
2026,DEN,David Adelman,
2026,DET,J.B. Bickerstaff,
2026,GSW,Steve Kerr,
2026,HOU,Ime Udoka,
2026,IND,Rick Carlisle,
2026,LAC,Tyronn Lue,
2026,LAL,JJ Redick,
2026,MEM,Tuomas Iisalo,
2026,MIA,Erik Spoelstra,
2026,MIL,Doc Rivers,
2026,MIN,Chris Finch,
2026,NOP,Willie Green,
2026,NOP,James Borrego,2025-11-15
2026,NYK,Mike Brown,
2026,OKC,Mark Daigneault,
2026,ORL,Jamahl Mosley,
2026,PHI,Nick Nurse,
2026,PHX,Jordan Ott,
2026,POR,Chauncey Billups,
2026,POR,Tiago Splitter,2025-10-23
2026,SAC,Doug Christie,
2026,SAS,Mitch Johnson,
2026,TOR,Darko Rajakovic,
2026,UTA,Will Hardy,
2026,WAS,Brian Keefe,
