player_name,season,mp,raptor_offense,raptor_defense
Precious Achiuwa,2021,749,-4.35,0.95
Precious Achiuwa,2022,1892,-2.52,2.14
Jaylen Adams,2020,21,6.21,7.66
Jaylen Adams,2021,18,-16.83,-1.41
Steven Adams,2020,1890,0.32,1.66
Steven Adams,2021,1605,-0.54,1.04
Steven Adams,2022,2113,1.69,0.45
Bam Adebayo,2020,3104,-0.1,2.23
Bam Adebayo,2021,2279,0.11,1.77
Bam Adebayo,2022,2439,0.01,3.85
Santi Aldama,2022,360,-2.81,-1.87
LaMarcus Aldridge,2020,1754,-0.66,0.78
LaMarcus Aldridge,2021,674,-2.41,-0.85
LaMarcus Aldridge,2022,1050,-0.24,1.83
Kyle Alexander,2020,13,-6.05,-3.62
Nickeil Alexander-Walker,2020,591,-1.52,-1.71
Nickeil Alexander-Walker,2021,1007,-1.33,0.69
Nickeil Alexander-Walker,2022,1471,-1.77,-1.22
Ty-Shon Alexander,2021,48,-3.59,-1.75
Grayson Allen,2020,718,0.04,-1.44
Grayson Allen,2021,1375,-0.13,-0.02
Grayson Allen,2022,2110,0.21,-0.07
Jarrett Allen,2020,1984,0.05,2.41
Jarrett Allen,2021,1864,-0.69,1.69
Jarrett Allen,2022,1809,0.19,4.09
Kadeem Allen,2020,117,0.87,2.22
Jose Alvarado,2022,951,0.53,4.34
Al-Farouq Aminu,2020,380,-5.4,3.06
Al-Farouq Aminu,2021,434,-3.49,2.78
Justin Anderson,2020,135,-1.69,0.8
Justin Anderson,2022,316,-0.11,-4.79
Kyle Anderson,2020,1330,-1.99,1.75
Kyle Anderson,2021,2029,0.57,2.47
Kyle Anderson,2022,1705,-1.32,0.72
Ryan Anderson,2020,14,-7.47,-0.48
Giannis Antetokounmpo,2020,2194,5.34,3.44
Giannis Antetokounmpo,2021,2813,4.25,2.34
Giannis Antetokounmpo,2022,2652,5.59,2.48
Kostas Antetokounmpo,2020,20,2.6,-4.34
Kostas Antetokounmpo,2021,56,-10.63,6.31
Thanasis Antetokounmpo,2020,129,-2.23,0.18
Thanasis Antetokounmpo,2021,596,-3.17,2.15
Thanasis Antetokounmpo,2022,493,-3.11,-0.72
Carmelo Anthony,2020,2078,-1.38,-2.97
Carmelo Anthony,2021,1833,0.26,-2.81
Carmelo Anthony,2022,1793,0.12,-1.8
Cole Anthony,2021,1273,-2.12,-3.02
Cole Anthony,2022,2059,-0.12,-1.96
OG Anunoby,2020,2459,-0.67,1.61
OG Anunoby,2021,1433,0.18,2.28
OG Anunoby,2022,1945,0.16,-0.18
Ryan Arcidiacono,2020,930,-0.93,2.02
Ryan Arcidiacono,2021,450,-0.07,0.49
Ryan Arcidiacono,2022,76,-4.22,5.77
Trevor Ariza,2020,1493,-1.63,1.22
Trevor Ariza,2021,937,-1.68,2.78
Trevor Ariza,2022,462,-4.04,-0.46
D.J. Augustin,2020,1548,0.16,-1.25
D.J. Augustin,2021,1129,0.65,-2.5
D.J. Augustin,2022,883,-1.52,-5.67
Deni Avdija,2021,1257,-2.43,0.63
Deni Avdija,2022,1984,-0.91,2.03
Joel Ayayi,2022,20,-7.6,4.28
Deandre Ayton,2020,1236,-1.21,2.98
Deandre Ayton,2021,2916,-0.09,1.72
Deandre Ayton,2022,2110,-0.24,1.12
Udoka Azubuike,2021,58,-9.94,-3.44
Udoka Azubuike,2022,195,-4.79,3.48
Dwayne Bacon,2020,687,-5.32,-0.43
Dwayne Bacon,2021,1853,-2.89,-1.74
Marvin Bagley III,2020,334,-3.88,-0.13
Marvin Bagley III,2021,1112,-2.01,-0.55
Marvin Bagley III,2022,1146,-0.85,-0.16
LaMelo Ball,2021,1469,1.15,-0.89
LaMelo Ball,2022,2422,2.71,-0.66
Lonzo Ball,2020,2025,-0.81,0.23
Lonzo Ball,2021,1747,1.42,0.4
Lonzo Ball,2022,1212,0.0,2.94
Mo Bamba,2020,878,-1.26,2.43
Mo Bamba,2021,725,-1.69,-1.63
Mo Bamba,2022,1824,-2.11,0.58
Desmond Bane,2021,1618,0.21,-1.53
Desmond Bane,2022,2694,3.09,0.93
Dalano Banton,2022,704,-2.71,0.2
Cat Barber,2022,13,-12.19,1.51
J.J. Barea,2020,455,1.41,-0.91
Harrison Barnes,2020,2482,-0.27,-1.13
Harrison Barnes,2021,2102,1.29,-0.13
Harrison Barnes,2022,2587,1.18,-1.69
Scottie Barnes,2022,2750,0.14,0.69
RJ Barrett,2020,1704,-1.81,-2.44
RJ Barrett,2021,2673,0.29,-0.33
RJ Barrett,2022,2417,-0.66,-0.92
Will Barton,2020,1916,1.49,1.03
Will Barton,2021,1819,0.04,-1.83
Will Barton,2022,2449,-0.53,-1.41
Charles Bassey,2022,180,-2.37,1.47
Paris Bass,2022,7,3.25,-5.26
Keita Bates-Diop,2020,768,-2.05,-2.09
Keita Bates-Diop,2021,245,-1.97,0.57
Keita Bates-Diop,2022,956,-2.58,1.04
Nicolas Batum,2020,505,-0.85,2.69
Nicolas Batum,2021,2390,1.02,2.36
Nicolas Batum,2022,1462,-1.56,1.71
Aron Baynes,2020,934,-0.96,0.09
Aron Baynes,2021,980,-5.02,0.68
Kent Bazemore,2020,1688,-2.85,2.65
Kent Bazemore,2021,1333,-1.97,2.67
Kent Bazemore,2022,545,-3.65,3.7
Darius Bazley,2020,1256,-4.24,3.02
Darius Bazley,2021,1714,-4.58,-0.65
Darius Bazley,2022,1924,-3.63,-0.76
Bradley Beal,2020,2053,5.39,-3.75
Bradley Beal,2021,2342,5.25,-1.91
Bradley Beal,2022,1439,1.07,0.6
Malik Beasley,2020,1209,-0.49,-1.36
Malik Beasley,2021,1214,0.71,-2.41
Malik Beasley,2022,2095,0.47,-2.03
Marco Belinelli,2020,883,0.01,-3.43
Jordan Bell,2020,256,-0.85,0.13
Jordan Bell,2021,82,-6.38,-2.42
Jordan Bell,2022,2,28.7,-34.69
DeAndre' Bembry,2020,915,-4.23,2.51
DeAndre' Bembry,2021,972,-2.27,0.76
DeAndre' Bembry,2022,1026,-0.84,0.9
Dragan Bender,2020,286,-1.74,-1.67
Davis Bertans,2020,1583,2.83,-0.63
Davis Bertans,2021,1570,1.91,-0.93
Davis Bertans,2022,999,-0.45,-0.85
Patrick Beverley,2020,1508,1.19,3.33
Patrick Beverley,2021,1155,-0.31,0.27
Patrick Beverley,2022,1670,1.68,1.94
Saddiq Bey,2021,1909,-1.35,-1.94
Saddiq Bey,2022,2704,0.13,-2.42
Tyler Bey,2021,71,-9.09,-3.9
Khem Birch,2020,1011,-2.32,1.32
Khem Birch,2021,1529,-1.6,1.88
Khem Birch,2022,1054,-1.64,-0.32
Goga Bitadze,2020,471,-4.89,1.46
Goga Bitadze,2021,561,-0.41,-0.39
Goga Bitadze,2022,729,0.48,-2.64
Bismack Biyombo,2020,1029,-2.25,-0.8
Bismack Biyombo,2021,1349,-5.6,0.85
Bismack Biyombo,2022,592,-2.01,0.01
Nemanja Bjelica,2020,2011,2.03,-0.31
Nemanja Bjelica,2021,625,-0.52,-3.06
Nemanja Bjelica,2022,1292,-1.19,1.75
Eric Bledsoe,2020,1913,1.3,1.31
Eric Bledsoe,2021,2111,-0.43,-1.8
Eric Bledsoe,2022,1361,-2.22,2.03
Keljin Blevins,2021,79,-8.53,-3.35
Keljin Blevins,2022,349,-6.01,-6.4
Bogdan Bogdanovic,2020,1766,1.64,-0.42
Bogdan Bogdanovic,2021,1903,2.52,1.46
Bogdan Bogdanovic,2022,1955,2.85,-0.61
Bojan Bogdanovic,2020,2083,1.11,-1.84
Bojan Bogdanovic,2021,2606,0.15,-1.42
Bojan Bogdanovic,2022,2345,0.28,-2.44
Bol Bol,2020,108,1.81,-0.86
Bol Bol,2021,166,-7.06,-3.07
Bol Bol,2022,81,-5.0,-0.43
Jonah Bolden,2020,47,-5.49,-1.76
Marques Bolden,2020,3,-6.89,41.02
Marques Bolden,2021,29,-11.08,13.61
Leandro Bolmaro,2022,241,-5.37,1.74
Jordan Bone,2020,53,-4.88,-10.1
Jordan Bone,2021,196,-2.96,-4.98
Isaac Bonga,2020,1250,-1.18,2.0
Isaac Bonga,2021,442,-5.72,3.09
Isaac Bonga,2022,72,-4.49,2.99
Devin Booker,2020,2512,4.8,-2.93
Devin Booker,2021,3159,3.23,-0.49
Devin Booker,2022,2711,4.13,-0.02
Brandon Boston Jr.,2022,760,-2.54,-0.78
Chris Boucher,2020,862,1.75,1.94
Chris Boucher,2021,1453,1.99,0.03
Chris Boucher,2022,1820,0.06,0.91
James Bouknight,2022,304,-2.39,-4.97
Brian Bowen II,2020,31,-3.1,-0.26
Brian Bowen II,2021,15,-7.55,-3.61
Ky Bowman,2020,1015,-3.69,-0.8
Avery Bradley,2020,1186,-1.51,0.71
Avery Bradley,2021,602,-3.62,-2.01
Avery Bradley,2022,1406,-2.82,-0.98
Tony Bradley,2020,711,1.14,1.57
Tony Bradley,2021,684,0.66,0.76
Tony Bradley,2022,557,-2.44,3.63
Jarrell Brantley,2020,109,-8.57,2.07
Jarrell Brantley,2021,141,-0.06,-2.43
Ignas Brazdeikis,2020,53,-3.45,-9.49
Ignas Brazdeikis,2021,249,-0.67,-1.84
Ignas Brazdeikis,2022,536,-1.65,-2.98
Corey Brewer,2020,33,-1.26,1.75
Mikal Bridges,2020,2042,0.1,1.68
Mikal Bridges,2021,3055,1.48,1.37
Mikal Bridges,2022,3354,1.79,0.94
Miles Bridges,2020,1995,-1.45,-1.64
Miles Bridges,2021,1932,0.09,0.22
Miles Bridges,2022,2837,1.74,-0.05
Amida Brimah,2021,29,-4.87,2.58
Oshae Brissett,2020,135,-2.36,-0.93
Oshae Brissett,2021,519,1.55,-0.25
Oshae Brissett,2022,1564,-1.13,-2.79
Ryan Broekhoff,2020,180,1.97,0.17
Malcolm Brogdon,2020,1826,1.19,-0.31
Malcolm Brogdon,2021,1930,1.53,-1.3
Malcolm Brogdon,2022,1206,2.36,-0.66
Armoni Brooks,2021,520,-1.09,-2.85
Armoni Brooks,2022,852,-0.84,-1.97
Dillon Brooks,2020,2112,-0.64,-0.33
Dillon Brooks,2021,2172,0.26,0.58
Dillon Brooks,2022,1220,0.11,3.14
Bruce Brown,2020,1634,-1.83,1.95
Bruce Brown,2021,1728,0.58,0.37
Bruce Brown,2022,1913,0.34,0.32
Charles Brown Jr.,2020,40,0.14,6.21
Charlie Brown Jr.,2021,152,-3.32,-3.41
Charlie Brown Jr.,2022,177,-4.39,3.96
Chaundee Brown Jr.,2022,104,-4.91,-0.22
Greg Brown III,2022,640,-5.55,-3.04
Jaylen Brown,2020,2606,1.17,0.62
Jaylen Brown,2021,1999,1.87,-0.01
Jaylen Brown,2022,3140,1.72,1.01
Moses Brown,2020,33,-9.22,-13.09
Moses Brown,2021,920,-2.32,0.12
Moses Brown,2022,345,-4.21,-0.94
Sterling Brown,2020,771,-2.76,1.11
Sterling Brown,2021,1229,-1.41,-0.75
Sterling Brown,2022,654,-3.32,1.46
Troy Brown Jr.,2020,1782,-1.05,-0.35
Troy Brown Jr.,2021,524,-1.51,-2.28
Troy Brown Jr.,2022,1092,-1.66,0.07
Jalen Brunson,2020,1022,1.29,0.88
Jalen Brunson,2021,1811,1.46,-0.1
Jalen Brunson,2022,3153,2.66,-0.54
Elijah Bryant,2021,82,-7.17,-0.24
Thomas Bryant,2020,1147,-0.37,-0.46
Thomas Bryant,2021,271,-0.37,-0.58
Thomas Bryant,2022,439,-2.76,-3.82
Shaq Buchanan,2022,10,-5.15,-1.67
Reggie Bullock,2020,684,-1.71,0.36
Reggie Bullock,2021,2111,-0.42,-0.12
Reggie Bullock,2022,2609,-0.21,-0.15
Trey Burke,2020,676,2.54,-0.44
Trey Burke,2021,928,-0.34,-1.36
Trey Burke,2022,478,-2.2,-0.53
Alec Burks,2020,1849,1.2,-1.03
Alec Burks,2021,1383,1.87,0.56
Alec Burks,2022,2318,1.07,1.44
Deonte Burton,2020,358,-7.58,-1.63
Jared Butler,2022,365,-1.95,0.1
Jimmy Butler,2020,2765,4.09,1.51
Jimmy Butler,2021,1899,3.81,2.29
Jimmy Butler,2022,2560,4.74,1.27
Bruno Caboclo,2020,251,-4.63,3.77
Bruno Caboclo,2021,36,-9.71,7.45
Devontae Cacok,2020,9,9.4,-14.99
Devontae Cacok,2021,98,0.17,2.3
Devontae Cacok,2022,121,1.62,3.97
Kentavious Caldwell-Pope,2020,2370,-0.14,-0.55
Kentavious Caldwell-Pope,2021,2048,-0.22,0.3
Kentavious Caldwell-Pope,2022,2329,-0.99,-0.12
Facundo Campazzo,2021,1695,-0.59,2.81
Facundo Campazzo,2022,1197,-2.48,1.43
Vlatko Cancar,2020,45,-1.08,0.29
Vlatko Cancar,2021,302,-4.66,-1.41
Vlatko Cancar,2022,185,-2.98,-0.14
Devin Cannady,2021,74,-0.22,-1.74
Devin Cannady,2022,145,0.65,-5.74
Clint Capela,2020,1279,-1.05,4.18
Clint Capela,2021,2467,0.81,5.21
Clint Capela,2022,2082,0.59,2.06
Vernon Carey Jr.,2021,115,-4.69,1.66
Vernon Carey Jr.,2022,44,-5.73,-0.03
DeMarre Carroll,2020,296,-2.14,1.18
Jevon Carter,2020,945,-0.15,0.64
Jevon Carter,2021,739,0.08,-0.78
Jevon Carter,2022,1031,-1.61,-0.91
Michael Carter-Williams,2020,833,1.31,3.01
Michael Carter-Williams,2021,800,-4.28,3.35
Vince Carter,2020,876,-2.74,-1.21
Wendell Carter Jr.,2020,1256,-2.76,0.1
Wendell Carter Jr.,2021,1375,-2.93,1.26
Wendell Carter Jr.,2022,1852,-0.52,1.44
Alex Caruso,2020,1685,-1.38,3.81
Alex Caruso,2021,1337,-1.85,3.9
Alex Caruso,2022,1260,0.36,4.99
Willie Cauley-Stein,2020,1097,-3.96,4.67
Willie Cauley-Stein,2021,969,-2.31,2.65
Willie Cauley-Stein,2022,183,-4.64,-3.3
Ahmad Caver,2022,1,6.58,7.73
Justin Champagnie,2022,281,1.05,-0.77
Tyson Chandler,2020,219,-3.21,-0.63
Wilson Chandler,2020,734,-2.55,0.79
Joe Chealey,2020,33,-14.36,6.32
Zylan Cheatham,2020,51,-4.54,-9.21
Zylan Cheatham,2022,5,-34.63,-5.8
Chris Chiozza,2020,466,-0.47,1.2
Chris Chiozza,2021,251,1.34,0.82
Chris Chiozza,2022,372,-4.63,-1.58
Josh Christopher,2022,1334,-1.33,-2.72
Marquese Chriss,2020,1196,-1.67,1.18
Marquese Chriss,2021,27,-9.82,4.98
Marquese Chriss,2022,376,-3.71,-3.08
Brandon Clarke,2020,1300,0.21,0.73
Brandon Clarke,2021,1424,-1.31,1.66
Brandon Clarke,2022,1542,1.32,1.69
Gary Clark,2020,711,-1.15,-1.53
Gary Clark,2021,654,-3.15,-2.02
Gary Clark,2022,378,-0.39,-0.51
Jordan Clarkson,2020,1905,2.74,-1.85
Jordan Clarkson,2021,2116,3.32,-1.26
Jordan Clarkson,2022,2311,2.8,-0.39
Nicolas Claxton,2020,187,-3.17,1.24
Nicolas Claxton,2021,724,-2.05,7.08
Nic Claxton,2022,1072,-1.36,1.64
Chris Clemons,2020,299,-1.85,-2.15
Antonius Cleveland,2020,55,-6.52,-2.99
Amir Coffey,2020,166,-1.14,-1.96
Amir Coffey,2021,410,-2.96,0.08
Amir Coffey,2022,1567,0.26,-0.88
Darren Collison,2022,37,-7.99,-9.47
John Collins,2020,1363,0.0,-0.38
John Collins,2021,2424,1.84,0.87
John Collins,2022,1785,0.54,0.68
Zach Collins,2020,290,-1.14,1.43
Zach Collins,2022,502,-3.26,-0.05
Mike Conley,2020,1528,1.36,-1.56
Mike Conley,2021,1674,4.18,2.91
Mike Conley,2022,2232,2.06,1.17
Pat Connaughton,2020,1414,-1.19,0.47
Pat Connaughton,2021,2121,0.21,1.57
Pat Connaughton,2022,2009,0.6,0.23
Quinn Cook,2020,532,-1.69,-2.96
Quinn Cook,2021,157,-0.79,-3.52
Tyler Cook,2020,58,-1.84,-2.64
Tyler Cook,2021,438,-3.54,-3.55
Tyler Cook,2022,200,-4.35,-1.05
Sharife Cooper,2022,39,-18.42,-4.92
Petr Cornelie,2022,38,-6.61,-0.68
DeMarcus Cousins,2021,771,-1.22,2.79
DeMarcus Cousins,2022,775,0.73,2.04
Robert Covington,2020,2516,-0.29,2.02
Robert Covington,2021,2471,-0.14,2.62
Robert Covington,2022,1940,-0.73,2.64
Allen Crabbe,2020,653,-3.17,-3.64
Torrey Craig,2020,1447,-0.67,-1.46
Torrey Craig,2021,1069,-0.56,-0.74
Torrey Craig,2022,1665,-2.24,0.04
Jamal Crawford,2020,6,26.41,-8.34
Jae Crowder,2020,2535,0.38,-0.62
Jae Crowder,2021,2377,0.46,2.99
Jae Crowder,2022,2269,-0.4,1.58
Jarrett Culver,2020,1506,-2.51,-1.26
Jarrett Culver,2021,499,-5.42,1.07
Jarrett Culver,2022,360,-3.29,-0.06
Jarron Cumberland,2022,12,3.73,-9.45
Cade Cunningham,2022,2088,-1.24,-0.43
Seth Curry,2020,1749,2.73,-2.63
Seth Curry,2021,2019,2.37,-2.12
Seth Curry,2022,2267,1.32,-1.05
Stephen Curry,2020,139,6.4,-1.46
Stephen Curry,2021,2152,8.74,-1.94
Stephen Curry,2022,2975,6.24,0.55
Troy Daniels,2020,562,-1.06,-1.71
Nate Darling,2021,26,-5.96,-7.93
Anthony Davis,2020,2900,3.08,4.35
Anthony Davis,2021,1306,0.99,2.72
Anthony Davis,2022,1404,-0.34,2.79
Ed Davis,2020,303,-4.68,-0.19
Ed Davis,2021,299,-3.32,-2.54
Ed Davis,2022,201,-4.27,1.3
Terence Davis,2020,1293,1.64,0.27
Terence Davis,2021,1074,-0.49,-1.88
Terence Davis,2022,536,1.96,0.28
Gabriel Deck,2021,212,1.08,-2.44
Gabriel Deck,2022,56,-2.46,-3.04
Dewayne Dedmon,2020,774,-5.36,3.37
Dewayne Dedmon,2021,267,1.87,-1.24
Dewayne Dedmon,2022,1203,-2.31,0.65
Sam Dekker,2022,1,-31.57,-35.78
Javin DeLaurier,2022,3,11.94,2.81
Matthew Dellavedova,2020,821,-1.73,2.56
Matthew Dellavedova,2021,224,-1.42,-4.37
DeMar DeRozan,2020,2316,2.77,-2.67
DeMar DeRozan,2021,2056,3.56,-2.93
DeMar DeRozan,2022,2946,3.65,-2.28
Mamadi Diakite,2021,176,-4.03,2.67
Mamadi Diakite,2022,188,-4.88,1.89
Cheick Diallo,2020,479,-1.98,1.21
Cheick Diallo,2022,31,-8.03,-5.1
Hamidou Diallo,2020,921,-3.92,2.73
Hamidou Diallo,2021,1226,-0.96,0.09
Hamidou Diallo,2022,1269,-0.88,1.29
Gorgui Dieng,2020,1096,-2.87,5.23
Gorgui Dieng,2021,552,0.94,-1.07
Gorgui Dieng,2022,381,-1.73,1.03
Spencer Dinwiddie,2020,1994,3.36,-2.17
Spencer Dinwiddie,2021,64,-2.0,4.38
Spencer Dinwiddie,2022,2481,1.88,-0.48
Donte DiVincenzo,2020,1685,0.55,2.51
Donte DiVincenzo,2021,1884,0.38,0.42
Donte DiVincenzo,2022,1006,-1.96,1.2
Luka Doncic,2020,2262,7.4,-1.07
Luka Doncic,2021,2543,6.64,-0.79
Luka Doncic,2022,2853,5.74,0.64
Luguentz Dort,2020,995,-2.72,3.6
Luguentz Dort,2021,1543,-1.79,3.86
Luguentz Dort,2022,1665,-1.4,1.19
Ayo Dosunmu,2022,2196,-1.61,-1.94
Damyean Dotson,2020,836,-0.41,-1.19
Damyean Dotson,2021,907,-3.21,-2.37
Damyean Dotson,2022,21,-0.14,-6.94
Devon Dotson,2021,50,6.35,7.69
Devon Dotson,2022,85,0.31,-1.46
Sekou Doumbouya,2020,754,-5.19,-3.93
Sekou Doumbouya,2021,869,-4.19,-1.72
Sekou Doumbouya,2022,16,3.79,22.71
Jeff Dowtin,2022,108,-6.14,-1.84
PJ Dozier,2020,537,-1.06,-1.68
PJ Dozier,2021,1088,-1.65,2.38
P.J. Dozier,2022,340,-2.64,2.57
Goran Dragic,2020,2216,2.09,-0.5
Goran Dragic,2021,1454,-0.39,-1.07
Goran Dragic,2022,577,-0.25,-0.35
Andre Drummond,2020,1879,-2.44,1.91
Andre Drummond,2021,1347,-1.85,2.35
Andre Drummond,2022,1497,-0.45,2.35
Chris Duarte,2022,1541,-0.76,0.95
Jared Dudley,2020,395,-2.47,1.99
Jared Dudley,2021,86,-2.92,2.04
David Duke Jr.,2022,341,-1.6,-1.64
Kris Dunn,2020,1269,-1.69,4.15
Kris Dunn,2021,78,-10.01,1.36
Kris Dunn,2022,336,-1.37,0.13
Kevin Durant,2021,1642,4.65,0.35
Kevin Durant,2022,2223,4.45,0.05
Jaime Echenique,2022,3,-12.89,10.77
Anthony Edwards,2021,2314,-0.53,-2.79
Anthony Edwards,2022,2693,1.75,0.05
Carsen Edwards,2020,354,-5.04,-0.08
Carsen Edwards,2021,281,-1.12,-2.49
Carsen Edwards,2022,79,-1.86,-3.01
Kessler Edwards,2022,994,-2.02,-1.86
Rob Edwards,2022,11,-8.32,3.9
CJ Elleby,2021,200,-3.06,-0.31
CJ Elleby,2022,1174,-3.14,-2.27
Henry Ellenson,2020,15,-7.05,17.99
Henry Ellenson,2021,38,-3.09,2.08
Wayne Ellington,2020,558,-0.49,0.43
Wayne Ellington,2021,1012,1.75,-1.76
Wayne Ellington,2022,810,-1.29,-0.88
Joel Embiid,2020,1651,0.68,3.37
Joel Embiid,2021,1942,3.77,4.59
Joel Embiid,2022,2682,3.62,4.16
James Ennis III,2020,1384,-0.73,-0.66
James Ennis III,2021,986,-0.05,0.3
James Ennis III,2022,56,-0.16,-2.17
Drew Eubanks,2020,272,-2.77,-1.59
Drew Eubanks,2021,755,-2.36,1.97
Drew Eubanks,2022,1245,-2.52,-1.56
Jacob Evans,2020,418,-5.52,-0.79
Dante Exum,2020,485,-2.0,0.45
Dante Exum,2021,116,-3.89,6.43
Tacko Fall,2020,36,-4.6,0.98
Tacko Fall,2021,137,0.22,4.92
Tacko Fall,2022,59,-3.51,4.19
Derrick Favors,2020,1243,0.7,2.66
Derrick Favors,2021,1184,-0.66,1.09
Derrick Favors,2022,653,-3.66,1.93
Cristiano Felicio,2020,386,-0.99,-5.54
Cristiano Felicio,2021,84,0.38,9.41
Terrance Ferguson,2020,1299,-3.98,-0.19
Terrance Ferguson,2021,49,-11.35,-6.58
Bruno Fernando,2020,713,-3.08,-0.62
Bruno Fernando,2021,238,-7.86,-1.25
Bruno Fernando,2022,152,-2.93,1.75
Yogi Ferrell,2020,530,-1.31,1.46
Yogi Ferrell,2021,151,0.45,1.56
Dorian Finney-Smith,2020,2311,0.07,0.84
Dorian Finney-Smith,2021,2192,0.84,0.97
Dorian Finney-Smith,2022,3332,0.96,0.58
Malik Fitts,2021,11,-4.97,-12.74
Malik Fitts,2022,79,-1.81,-1.78
Malachi Flynn,2021,928,-1.45,0.61
Malachi Flynn,2022,573,-0.26,0.13
Bryn Forbes,2020,1579,0.01,-3.39
Bryn Forbes,2021,1627,0.54,-4.06
Bryn Forbes,2022,1362,-0.13,-3.49
Aleem Ford,2022,74,-7.29,-2.48
Trent Forrest,2021,312,-2.33,-4.64
Trent Forrest,2022,765,-0.98,0.54
Evan Fournier,2020,2247,1.14,-0.69
Evan Fournier,2021,1426,1.76,-1.7
Evan Fournier,2022,2358,0.76,-1.84
De'Aaron Fox,2020,1634,2.46,-2.02
De'Aaron Fox,2021,2036,3.17,-2.67
De'Aaron Fox,2022,2083,1.88,-2.6
Robert Franks,2021,101,1.86,-4.58
Melvin Frazier Jr.,2020,126,-4.57,-2.83
Melvin Frazier Jr.,2022,120,-10.11,-9.57
Michael Frazier,2020,157,-8.65,-5.84
Tim Frazier,2020,355,-3.41,2.07
Tim Frazier,2021,62,-9.14,3.3
Tim Frazier,2022,208,-5.9,0.81
Markelle Fultz,2020,2143,-0.84,-1.52
Markelle Fultz,2021,215,-1.89,-7.11
Markelle Fultz,2022,360,0.51,1.64
Wenyen Gabriel,2020,288,-2.81,1.81
Wenyen Gabriel,2021,241,-1.56,2.94
Wenyen Gabriel,2022,358,0.96,-2.94
Daniel Gafford,2020,609,-2.62,0.93
Daniel Gafford,2021,908,1.81,2.04
Daniel Gafford,2022,1444,0.37,-0.68
Danilo Gallinari,2020,2046,3.75,-1.09
Danilo Gallinari,2021,1664,1.2,-0.92
Danilo Gallinari,2022,1784,1.16,-2.23
Langston Galloway,2020,1702,0.86,-1.49
Langston Galloway,2021,453,0.25,-1.24
Langston Galloway,2022,107,-7.74,2.63
Darius Garland,2020,1824,-2.6,-3.95
Darius Garland,2021,1790,0.15,-1.49
Darius Garland,2022,2430,4.77,-0.27
Marcus Garrett,2022,128,-2.64,-3.83
Usman Garuba,2022,239,-1.18,-0.9
Luka Garza,2022,389,-0.41,-2.57
Marc Gasol,2020,1389,-2.36,4.04
Marc Gasol,2021,1080,-1.53,3.31
Rudy Gay,2020,1461,-1.07,0.94
Rudy Gay,2021,1358,-0.6,3.33
Rudy Gay,2022,1038,-0.15,0.76
Paul George,2020,1898,3.52,2.81
Paul George,2021,2597,4.56,1.98
Paul George,2022,1077,1.14,3.95
Taj Gibson,2020,1025,-2.25,-0.53
Taj Gibson,2021,1074,0.1,4.45
Taj Gibson,2022,946,-1.7,0.85
Josh Giddey,2022,1700,-1.89,0.46
Harry Giles III,2020,667,-2.28,-3.35
Harry Giles III,2021,352,-4.05,-0.81
Shai Gilgeous-Alexander,2020,2707,1.56,-0.42
Shai Gilgeous-Alexander,2021,1180,3.71,-1.35
Shai Gilgeous-Alexander,2022,1942,2.75,-0.88
Anthony Gill,2021,251,-2.53,-0.09
Anthony Gill,2022,463,0.51,-0.57
Freddie Gillespie,2021,392,-2.5,0.71
Freddie Gillespie,2022,119,-6.19,2.7
Rudy Gobert,2020,2603,0.11,5.52
Rudy Gobert,2021,2563,-0.12,7.91
Rudy Gobert,2022,2317,0.06,6.82
Brandon Goodwin,2020,430,-2.73,0.0
Brandon Goodwin,2021,620,-2.65,-1.74
Brandon Goodwin,2022,502,-1.65,-0.13
Jordan Goodwin,2022,6,-34.89,-6.14
Aaron Gordon,2020,2017,0.25,-1.18
Aaron Gordon,2021,1683,-0.66,1.01
Aaron Gordon,2022,2536,0.58,-0.21
Eric Gordon,2020,1426,-1.62,-1.97
Eric Gordon,2021,789,0.41,-3.94
Eric Gordon,2022,1669,0.05,-2.67
Devonte' Graham,2020,2211,2.94,-1.54
Devonte' Graham,2021,1659,1.84,0.56
Devonte' Graham,2022,2222,0.93,-1.58
Treveon Graham,2020,929,-3.46,0.23
Jerami Grant,2020,2545,-0.98,-1.15
Jerami Grant,2021,1829,1.07,-0.44
Jerami Grant,2022,1500,-0.52,-0.69
Jerian Grant,2020,80,-1.12,-3.77
Hassani Gravett,2022,171,-0.4,-0.06
Josh Gray,2020,23,-12.83,-0.23
Danny Green,2020,2212,0.94,2.09
Danny Green,2021,2133,0.83,2.1
Danny Green,2022,1672,-0.25,1.33
Draymond Green,2020,1222,-2.46,2.31
Draymond Green,2021,1982,1.02,3.55
Draymond Green,2022,2032,-0.96,4.76
JaMychal Green,2020,1529,-1.33,-0.89
JaMychal Green,2021,1310,0.19,-0.77
JaMychal Green,2022,1154,-2.21,-0.29
Javonte Green,2020,474,-2.76,-0.16
Javonte Green,2021,473,-0.12,1.05
Javonte Green,2022,1591,0.14,1.66
Jalen Green,2022,2138,-1.54,-2.73
Jeff Green,2020,1301,-0.8,-0.46
Jeff Green,2021,1983,-0.7,-0.45
Jeff Green,2022,1962,-1.51,-1.88
Josh Green,2021,449,-3.34,-0.84
Josh Green,2022,1160,-2.2,1.87
Blake Griffin,2020,512,-0.95,-2.62
Blake Griffin,2021,1504,0.38,1.92
Blake Griffin,2022,983,-1.16,4.03
Quentin Grimes,2022,786,-1.39,1.43
Marko Guduric,2020,484,-2.23,-2.37
Kyle Guy,2020,10,-3.77,-15.68
Kyle Guy,2021,235,-1.41,-3.19
Kyle Guy,2022,186,-2.68,-0.38
Rui Hachimura,2020,1444,-2.31,-3.02
Rui Hachimura,2021,1970,-2.47,-1.02
Rui Hachimura,2022,943,-0.88,-2.97
Ashton Hagans,2021,4,-18.91,0.26
Tyrese Haliburton,2021,1746,1.54,-2.49
Tyrese Haliburton,2022,2695,2.76,-1.07
Devon Hall,2020,81,-4.53,-0.6
Donta Hall,2020,153,-2.75,-4.23
Donta Hall,2021,179,-0.02,2.45
Josh Hall,2021,336,-6.8,-3.74
Tyler Hall,2022,2,-12.51,-12.69
R.J. Hampton,2021,888,-2.21,-4.53
R.J. Hampton,2022,1402,-3.62,-2.09
Dusty Hannahs,2020,13,15.78,-4.66
Tim Hardaway Jr.,2020,2295,1.79,-0.79
Tim Hardaway Jr.,2021,2247,1.63,0.16
Tim Hardaway Jr.,2022,1245,-0.09,0.49
James Harden,2020,2931,8.49,1.98
James Harden,2021,1931,7.19,-1.55
James Harden,2022,2898,3.52,-1.46
Maurice Harkless,2020,1427,-2.38,-0.1
Maurice Harkless,2021,772,-2.86,-0.97
Maurice Harkless,2022,863,-3.29,0.02
Jared Harper,2020,8,-13.73,-16.86
Jared Harper,2021,16,-14.85,2.12
Jared Harper,2022,43,19.58,-4.39
Montrezl Harrell,2020,1992,0.21,2.94
Montrezl Harrell,2021,1619,1.36,1.96
Montrezl Harrell,2022,1641,2.05,0.53
Gary Harris,2020,2159,-2.92,2.07
Gary Harris,2021,1080,-2.05,-0.67
Gary Harris,2022,1730,-1.12,-0.35
Jalen Harris,2021,172,1.98,-1.24
Joe Harris,2020,2195,1.0,-1.7
Joe Harris,2021,2575,1.45,0.1
Joe Harris,2022,423,-2.9,-1.8
Shaquille Harrison,2020,484,1.36,4.23
Shaquille Harrison,2021,373,-5.75,1.31
Shaquille Harrison,2022,23,-5.64,4.3
Tobias Harris,2020,2618,0.94,-0.63
Tobias Harris,2021,2452,1.59,-0.04
Tobias Harris,2022,3009,0.72,-1.11
Isaiah Hartenstein,2020,266,-0.18,-0.28
Isaiah Hartenstein,2021,559,-2.54,3.64
Isaiah Hartenstein,2022,1216,1.2,1.51
Josh Hart,2020,1755,-0.07,0.31
Josh Hart,2021,1349,-0.34,1.13
Josh Hart,2022,1791,0.86,-0.09
Udonis Haslem,2020,44,-9.31,1.03
Udonis Haslem,2021,3,19.36,28.11
Udonis Haslem,2022,83,-8.45,-8.65
Sam Hauser,2022,173,2.83,0.51
Jaxson Hayes,2020,1080,-1.84,-1.44
Jaxson Hayes,2021,964,-1.57,1.15
Jaxson Hayes,2022,1481,-1.19,-1.27
Killian Hayes,2021,670,-6.57,-1.62
Killian Hayes,2022,1647,-3.68,-0.37
Gordon Hayward,2020,1897,1.65,-0.88
Gordon Hayward,2021,1496,1.01,-0.38
Gordon Hayward,2022,1564,-0.8,-1.22
Aaron Henry,2022,17,-15.35,-4.98
John Henson,2020,600,-1.57,3.93
Dewan Hernandez,2020,28,1.84,-1.15
Juancho Hernangomez,2020,833,-0.69,-0.1
Juancho Hernangomez,2021,900,-0.63,-2.57
Juancho Hernangomez,2022,501,-0.67,-0.03
Willy Hernangomez,2020,375,-1.36,-0.53
Willy Hernangomez,2021,846,-0.49,0.47
Willy Hernangomez,2022,841,1.59,-2.05
Tyler Herro,2020,2214,-0.27,-1.24
Tyler Herro,2021,1728,-0.01,-1.0
Tyler Herro,2022,2532,1.35,-1.26
Kevin Hervey,2020,52,-8.78,-4.38
Mario Hezonja,2020,939,-3.28,-1.47
Buddy Hield,2020,2216,1.22,-1.87
Buddy Hield,2021,2433,1.91,-1.5
Buddy Hield,2022,2499,1.34,-1.13
Haywood Highsmith,2022,194,-4.24,-4.31
George Hill,2020,1539,2.2,0.86
George Hill,2021,877,-0.3,2.25
George Hill,2022,1329,-1.05,1.87
Malcolm Hill,2022,212,-0.14,-0.97
Solomon Hill,2020,1130,-0.72,-1.03
Solomon Hill,2021,1658,-2.72,-0.36
Solomon Hill,2022,139,-2.57,4.09
Nate Hinton,2021,93,-5.04,-3.9
Nate Hinton,2022,2,-13.41,9.29
Jaylen Hoard,2020,144,1.04,-2.37
Jaylen Hoard,2021,320,-1.86,-0.9
Jaylen Hoard,2022,240,-1.65,-5.15
Aaron Holiday,2020,1689,0.45,0.66
Aaron Holiday,2021,1176,-1.39,-0.85
Aaron Holiday,2022,1041,-0.21,0.06
Jrue Holiday,2020,2117,2.3,2.4
Jrue Holiday,2021,2819,3.08,1.25
Jrue Holiday,2022,2670,3.6,1.17
Justin Holiday,2020,1957,0.07,2.39
Justin Holiday,2021,2183,-0.42,0.96
Justin Holiday,2022,2057,-1.18,-1.95
Rondae Hollis-Jefferson,2020,1161,0.46,2.27
Rondae Hollis-Jefferson,2021,143,0.09,-3.1
Richaun Holmes,2020,1242,0.19,0.94
Richaun Holmes,2021,1782,0.17,1.95
Richaun Holmes,2022,1074,-1.76,-1.18
Rodney Hood,2020,619,0.2,-0.07
Rodney Hood,2021,942,-4.11,-1.22
Rodney Hood,2022,709,-2.45,-1.06
Scotty Hopson,2022,18,-8.23,2.69
Al Horford,2020,2154,0.33,0.6
Al Horford,2021,782,-0.9,3.72
Al Horford,2022,2820,0.59,3.73
Talen Horton-Tucker,2020,98,-2.59,1.23
Talen Horton-Tucker,2021,1352,-1.36,1.08
Talen Horton-Tucker,2022,1511,-2.4,-0.02
Danuel House Jr.,2020,2192,-0.38,0.33
Danuel House Jr.,2021,932,-3.47,-2.09
Danuel House Jr.,2022,839,-1.95,0.68
Dwight Howard,2020,1588,0.38,0.3
Dwight Howard,2021,1345,-2.18,0.03
Dwight Howard,2022,971,-0.16,-1.52
Markus Howard,2021,317,-4.4,-4.54
Markus Howard,2022,176,3.52,-2.62
William Howard,2020,13,-20.82,-8.78
Kevin Huerter,2020,1760,-0.36,-2.45
Kevin Huerter,2021,2684,-0.11,-0.01
Kevin Huerter,2022,2342,0.4,-0.89
Jay Huff,2022,20,-13.23,23.61
Elijah Hughes,2021,64,-4.46,-4.08
Elijah Hughes,2022,434,-5.37,-4.75
De'Andre Hunter,2020,2018,-2.5,-1.32
De'Andre Hunter,2021,830,-0.71,3.87
De'Andre Hunter,2022,1752,-1.89,-0.24
Feron Hunt,2022,8,-7.55,6.74
Chandler Hutchison,2020,527,-3.23,0.52
Chandler Hutchison,2021,364,-3.94,-1.82
Chandler Hutchison,2022,22,-8.6,-7.66
Bones Hyland,2022,1397,2.33,-1.55
Serge Ibaka,2020,1736,-1.28,1.05
Serge Ibaka,2021,973,-0.33,2.13
Serge Ibaka,2022,899,-3.99,-0.52
Andre Iguodala,2020,828,-1.85,1.5
Andre Iguodala,2021,1410,-2.25,1.06
Andre Iguodala,2022,664,-0.44,4.43
Ersan Ilyasova,2020,1009,0.03,0.32
Ersan Ilyasova,2021,151,-0.78,1.53
Joe Ingles,2020,2371,0.38,0.89
Joe Ingles,2021,2173,2.03,0.48
Joe Ingles,2022,1122,-0.21,-1.11
Brandon Ingram,2020,2104,1.62,-1.12
Brandon Ingram,2021,2093,3.33,-2.03
Brandon Ingram,2022,2105,2.01,-1.2
Kyrie Irving,2020,658,6.0,-3.23
Kyrie Irving,2021,2211,5.77,-2.31
Kyrie Irving,2022,1261,5.03,-0.88
Jonathan Isaac,2020,980,-0.84,4.76
Wes Iwundu,2020,1029,-1.98,0.3
Wes Iwundu,2021,539,-5.45,-0.48
Wes Iwundu,2022,82,-2.02,-5.49
Frank Jackson,2020,797,-1.21,-4.31
Frank Jackson,2021,738,-0.01,-1.02
Frank Jackson,2022,1164,-1.49,-2.4
Isaiah Jackson,2022,541,-1.29,0.57
Jaren Jackson Jr.,2020,1622,-1.32,-0.17
Jaren Jackson Jr.,2021,395,-0.34,0.1
Jaren Jackson Jr.,2022,2458,-0.24,2.32
Josh Jackson,2020,381,0.1,2.88
Josh Jackson,2021,1560,-1.5,1.37
Josh Jackson,2022,830,-2.32,-0.74
Justin Jackson,2020,1061,-1.28,-2.64
Justin Jackson,2021,592,-2.74,-1.18
Justin Jackson,2022,37,-5.21,1.46
Reggie Jackson,2020,913,0.8,-1.44
Reggie Jackson,2021,2166,2.73,-0.88
Reggie Jackson,2022,2337,-0.9,-0.05
Justin James,2020,232,-3.41,1.13
Justin James,2021,310,-2.31,-2.24
LeBron James,2020,3078,6.49,1.33
LeBron James,2021,1728,5.88,0.64
LeBron James,2022,2084,4.64,0.1
Mike James,2021,339,-1.61,-1.66
DeJon Jarreau,2022,1,9.34,6.26
Amile Jefferson,2020,74,-7.42,3.17
DaQuan Jeffries,2020,141,-0.28,-0.72
DaQuan Jeffries,2021,493,-1.21,0.62
DaQuan Jeffries,2022,9,-1.45,2.07
Ty Jerome,2020,328,-2.95,-1.46
Ty Jerome,2021,788,1.43,-3.48
Ty Jerome,2022,801,-0.95,0.48
Isaiah Joe,2021,392,-0.52,1.77
Isaiah Joe,2022,624,-1.23,0.74
Alize Johnson,2020,118,-0.29,1.05
Alize Johnson,2021,212,3.28,1.25
Alize Johnson,2022,167,-2.77,-6.16
BJ Johnson,2020,87,-7.19,0.57
BJ Johnson,2022,65,-0.53,-0.55
Cameron Johnson,2020,1255,0.09,-0.22
Cameron Johnson,2021,1880,-0.61,1.75
Cameron Johnson,2022,2050,1.02,1.73
David Johnson,2022,2,-4.56,11.31
James Johnson,2020,619,-0.89,-1.39
James Johnson,2021,1043,-3.33,-0.81
James Johnson,2022,1191,-1.83,-0.66
Jalen Johnson,2022,129,-7.51,-1.73
Joe Johnson,2022,2,5.39,-24.32
Keldon Johnson,2020,301,2.03,0.13
Keldon Johnson,2021,1968,-0.66,-2.03
Keldon Johnson,2022,2392,1.31,-0.41
Keon Johnson,2022,697,-5.16,-3.39
Stanley Johnson,2020,170,-0.42,3.53
Stanley Johnson,2021,1006,-3.22,-0.94
Stanley Johnson,2022,1094,-0.69,0.19
Tyler Johnson,2020,802,-2.77,-2.46
Tyler Johnson,2021,753,-0.72,-0.91
Tyler Johnson,2022,91,-3.31,0.29
Nikola Jokic,2020,3030,4.6,0.48
Nikola Jokic,2021,2833,8.6,0.65
Nikola Jokic,2022,2647,8.52,6.05
Carlik Jones,2022,23,-13.03,4.67
Damian Jones,2020,887,-1.57,-2.64
Damian Jones,2021,547,-3.46,-1.95
Damian Jones,2022,1017,-1.02,-1.51
Derrick Jones Jr.,2020,1472,0.03,2.24
Derrick Jones Jr.,2021,1328,-1.78,1.32
Derrick Jones Jr.,2022,958,-0.51,0.24
Herbert Jones,2022,2561,-1.16,2.61
Jemerrio Jones,2022,15,-0.55,-9.9
Kai Jones,2022,63,-7.64,-4.19
Mason Jones,2021,334,-2.02,-5.93
Mason Jones,2022,51,1.74,-3.86
Tre Jones,2021,269,-2.85,-7.13
Tre Jones,2022,1148,0.28,1.94
Tyus Jones,2020,1232,1.05,-1.35
Tyus Jones,2021,1269,-0.25,0.03
Tyus Jones,2022,1811,1.37,-0.51
DeAndre Jordan,2020,1234,-1.55,1.8
DeAndre Jordan,2021,1246,-3.04,-0.7
DeAndre Jordan,2022,653,-3.77,-2.12
Cory Joseph,2020,1759,-1.97,1.55
Cory Joseph,2021,1446,-1.01,0.37
Cory Joseph,2022,1600,-0.4,-0.13
Mfiondu Kabengele,2020,64,3.42,1.59
Mfiondu Kabengele,2021,280,-5.33,0.96
Georgios Kalaitzakis,2022,214,-6.03,-6.88
Frank Kaminsky,2020,777,-1.87,-0.66
Frank Kaminsky,2021,783,-0.76,-0.6
Frank Kaminsky,2022,181,-2.26,8.97
Enes Kanter,2020,1085,1.74,0.26
Enes Kanter,2021,1814,2.49,-2.8
Enes Freedom,2022,411,-0.93,2.43
Luke Kennard,2020,922,2.43,-2.98
Luke Kennard,2021,1451,0.57,-3.71
Luke Kennard,2022,1919,1.54,-0.67
Braxton Key,2022,197,-2.84,5.63
Michael Kidd-Gilchrist,2020,336,-5.48,1.03
Stanton Kidd,2020,15,-15.4,7.07
George King,2022,19,-14.29,-6.93
Louis King,2020,62,-2.23,1.03
Louis King,2021,85,3.65,3.79
Louis King,2022,104,-1.39,-0.43
Corey Kispert,2022,1801,0.08,-2.11
Maxi Kleber,2020,2093,-1.5,0.68
Maxi Kleber,2021,1528,-1.46,1.04
Maxi Kleber,2022,1907,-2.03,2.1
Brandon Knight,2020,462,-1.97,-3.67
Brandon Knight,2022,65,-1.5,-0.15
Nathan Knight,2021,293,-2.79,2.41
Nathan Knight,2022,267,-0.62,1.7
Kevin Knox II,2020,1166,-3.54,-1.71
Kevin Knox II,2021,468,-2.96,-0.25
Kevin Knox II,2022,231,-1.77,-5.68
John Konchar,2020,181,2.15,2.98
John Konchar,2021,578,1.15,1.18
John Konchar,2022,1348,0.25,0.58
Furkan Korkmaz,2020,1599,0.08,0.27
Furkan Korkmaz,2021,1257,0.68,1.49
Furkan Korkmaz,2022,1475,-0.93,-1.09
Luke Kornet,2020,559,-2.95,-2.8
Luke Kornet,2021,353,-3.75,3.59
Luke Kornet,2022,122,2.83,1.53
Kyle Korver,2020,1079,0.41,-0.25
Vit Krejci,2022,690,-2.89,-2.97
Arnoldas Kulboka,2022,5,-12.89,-28.74
Jonathan Kuminga,2022,1323,-2.69,-1.99
Rodions Kurucs,2020,742,-3.75,0.98
Rodions Kurucs,2021,125,-4.94,-0.05
Kyle Kuzma,2020,2010,-2.1,-0.16
Kyle Kuzma,2021,2083,-3.19,0.1
Kyle Kuzma,2022,2204,-1.75,-0.61
Skal Labissiere,2020,567,-1.42,0.28
Anthony Lamb,2021,415,-1.89,-1.85
Anthony Lamb,2022,8,-6.81,4.26
Jeremy Lamb,2020,1291,0.3,0.46
Jeremy Lamb,2021,765,2.73,-0.34
Jeremy Lamb,2022,935,0.73,-0.79
Jock Landale,2022,589,-0.58,-1.47
Romeo Langford,2020,416,-3.16,2.92
Romeo Langford,2021,392,-2.6,2.48
Romeo Langford,2022,771,-2.34,0.76
Zach LaVine,2020,2085,1.21,-1.36
Zach LaVine,2021,2034,3.93,-1.61
Zach LaVine,2022,2481,2.36,-2.28
Vic Law,2020,66,-7.27,1.35
Jake Layman,2020,505,-2.33,0.14
Jake Layman,2021,627,-4.01,0.77
Jake Layman,2022,231,-3.56,0.06
TJ Leaf,2020,222,-2.63,3.54
T.J. Leaf,2021,42,-2.75,4.61
Jalen Lecque,2020,32,-6.42,-0.22
Jalen Lecque,2021,12,1.55,4.38
Courtney Lee,2020,345,-0.39,-1.02
Damion Lee,2020,1423,-0.34,0.63
Damion Lee,2021,1079,0.08,1.04
Damion Lee,2022,1380,-2.36,0.08
Saben Lee,2021,781,-1.65,-2.42
Saben Lee,2022,604,-1.94,0.1
Alex Len,2020,970,-2.23,2.14
Alex Len,2021,1021,-2.73,0.74
Alex Len,2022,620,-4.08,-1.29
Kawhi Leonard,2020,2359,6.39,3.25
Kawhi Leonard,2021,2205,6.33,1.48
Meyers Leonard,2020,1065,-1.67,-0.57
Meyers Leonard,2021,29,-3.46,-5.21
Caris LeVert,2020,1470,1.84,-0.6
Caris LeVert,2021,1486,0.39,-0.51
Caris LeVert,2022,1781,0.98,-1.84
Kira Lewis Jr.,2021,904,-0.83,-1.0
Kira Lewis Jr.,2022,341,-3.63,-0.44
Scottie Lewis,2022,7,2.77,-0.34
Damian Lillard,2020,2617,8.14,-1.78
Damian Lillard,2021,2646,8.3,-2.21
Damian Lillard,2022,1056,4.15,-1.62
Nassir Little,2020,573,-1.66,-1.54
Nassir Little,2021,649,-0.87,-3.71
Nassir Little,2022,1088,0.04,1.28
Isaiah Livers,2022,383,-0.56,-1.2
Kevon Looney,2020,262,-5.39,0.74
Kevon Looney,2021,1161,-0.81,1.75
Kevon Looney,2022,2180,-0.06,2.42
Brook Lopez,2020,2145,-1.41,3.3
Brook Lopez,2021,2569,-0.85,2.31
Brook Lopez,2022,630,-3.1,4.08
Robin Lopez,2020,979,-3.96,1.03
Robin Lopez,2021,1427,-1.37,0.2
Robin Lopez,2022,612,-2.64,-2.17
Didi Louzada,2021,56,-5.67,-9.66
Didi Louzada,2022,129,-7.09,-2.44
Kevin Love,2020,1780,1.47,-1.52
Kevin Love,2021,622,-0.53,-2.39
Kevin Love,2022,1665,1.93,0.34
Kyle Lowry,2020,2511,3.2,1.64
Kyle Lowry,2021,1601,2.28,-1.07
Kyle Lowry,2022,2428,1.62,1.16
Gabriel Lundberg,2022,44,0.66,1.16
Timothe Luwawu-Cabarrot,2020,984,-0.17,1.09
Timothe Luwawu-Cabarrot,2021,1075,-1.55,-0.84
Timothe Luwawu-Cabarrot,2022,707,-2.16,-0.98
Trey Lyles,2020,1271,-0.6,-1.63
Trey Lyles,2021,358,-3.66,-0.82
Trey Lyles,2022,1537,-0.47,-1.55
Daryl Macon,2020,14,-11.13,7.62
J.P. Macura,2020,1,2.86,16.88
Josh Magette,2020,38,-7.73,11.62
Will Magnay,2021,3,-31.89,-22.68
Ian Mahinmi,2020,808,-2.7,2.6
Thon Maker,2020,776,-2.34,-0.66
Thon Maker,2021,76,-0.02,-2.65
Theo Maledon,2021,1778,-4.93,-3.02
Theo Maledon,2022,908,-3.02,-1.17
Sandro Mamukelashvili,2022,407,-1.65,-7.17
Karim Mane,2021,88,-6.25,-5.11
Nico Mannion,2021,364,-2.19,-2.43
Terance Mann,2020,389,-2.14,0.92
Terance Mann,2021,1641,0.87,0.38
Terance Mann,2022,2317,-0.14,0.65
Tre Mann,2022,1367,-2.23,-1.43
Boban Marjanovic,2020,504,3.67,-0.24
Boban Marjanovic,2021,354,-0.04,-0.78
Boban Marjanovic,2022,134,-4.18,0.11
Lauri Markkanen,2020,1492,-1.0,-2.11
Lauri Markkanen,2021,1317,-0.52,-0.91
Lauri Markkanen,2022,1878,1.64,-0.89
Naji Marshall,2021,700,-1.02,0.36
Naji Marshall,2022,791,-1.42,0.73
Caleb Martin,2020,317,-1.95,4.94
Caleb Martin,2021,818,-2.65,1.48
Caleb Martin,2022,1581,-0.46,2.55
Cody Martin,2020,903,-1.76,4.25
Cody Martin,2021,849,-1.97,1.84
Cody Martin,2022,1866,0.32,0.95
Jeremiah Martin,2020,126,2.18,1.97
Jeremiah Martin,2021,75,-9.05,-1.26
Kelan Martin,2020,495,-4.48,-0.58
Kelan Martin,2021,322,1.3,-1.39
Kelan Martin,2022,450,-2.65,-0.36
Kenyon Martin Jr.,2021,1068,-1.09,-2.22
Kenyon Martin Jr.,2022,1656,-0.21,-2.8
Frank Mason,2020,120,0.99,5.19
Frank Mason,2021,79,-6.74,-10.57
Garrison Mathews,2020,227,1.99,2.66
Garrison Mathews,2021,1055,0.17,0.78
Garrison Mathews,2022,1712,1.09,1.95
Dakota Mathias,2021,123,-1.93,-1.73
Dakota Mathias,2022,16,-5.4,-3.31
Wesley Matthews,2020,1881,-1.8,3.1
Wesley Matthews,2021,1240,-1.87,1.22
Wesley Matthews,2022,1347,-1.29,3.0
Tyrese Maxey,2021,1091,-0.08,-2.25
Tyrese Maxey,2022,3135,1.3,-1.52
Skylar Mays,2021,286,1.43,-0.94
Skylar Mays,2022,229,-1.56,-3.0
Luc Mbah a Moute,2020,25,-8.87,-1.26
Miles McBride,2022,372,-1.43,1.51
Patrick McCaw,2020,908,-3.55,-0.55
Patrick McCaw,2021,33,-0.24,-7.62
Mac McClung,2022,25,-4.83,-4.69
CJ McCollum,2020,2752,2.45,-1.77
CJ McCollum,2021,1840,3.73,0.0
CJ McCollum,2022,2379,3.11,-0.58
T.J. McConnell,2020,1354,0.52,-0.9
T.J. McConnell,2021,1796,1.39,0.93
T.J. McConnell,2022,652,-0.36,0.87
Jalen McDaniels,2020,293,-0.81,1.11
Jalen McDaniels,2021,904,-2.55,-1.75
Jalen McDaniels,2022,895,-1.02,0.58
Jaden McDaniels,2021,1511,-1.84,-0.78
Jaden McDaniels,2022,1933,-2.26,1.95
Doug McDermott,2020,1426,0.82,-2.25
Doug McDermott,2021,1619,0.53,-3.59
Doug McDermott,2022,1223,-0.11,-4.53
Sean McDermott,2021,158,-5.74,-1.0
JaVale McGee,2020,1265,-0.6,2.94
JaVale McGee,2021,712,-2.39,1.76
JaVale McGee,2022,1305,0.0,1.82
Cameron McGriff,2022,46,6.16,-3.87
Rodney McGruder,2020,887,-2.98,-1.72
Rodney McGruder,2021,194,2.99,-1.62
Rodney McGruder,2022,754,-0.14,-0.67
Alfonzo McKinnie,2020,593,-3.27,-2.09
Alfonzo McKinnie,2021,270,1.02,-0.09
Alfonzo McKinnie,2022,206,-3.47,-7.99
JaQuori McLaughlin,2022,11,-2.84,-5.73
Jordan McLaughlin,2020,590,2.06,0.52
Jordan McLaughlin,2021,938,-1.8,0.1
Jordan McLaughlin,2022,985,0.61,-0.29
Ben McLemore,2020,1749,2.05,-2.77
Ben McLemore,2021,941,-1.37,-2.39
Ben McLemore,2022,1285,-1.58,-3.29
Jordan McRae,2020,784,0.19,-2.73
Nicolo Melli,2020,1042,-2.3,-0.75
Nicolo Melli,2021,585,-1.76,-0.17
De'Anthony Melton,2020,1167,0.09,2.1
De'Anthony Melton,2021,1128,0.19,2.1
De'Anthony Melton,2022,1827,0.17,1.94
Sam Merrill,2021,263,-0.84,-1.17
Sam Merrill,2022,58,-2.42,-0.92
Chimezie Metu,2020,105,-2.26,-2.64
Chimezie Metu,2021,488,-2.69,-2.53
Chimezie Metu,2022,1279,-3.35,0.09
Khris Middleton,2020,2208,3.45,1.22
Khris Middleton,2021,3191,2.21,-0.01
Khris Middleton,2022,2213,1.94,-0.67
Eric Mika,2020,19,3.53,3.73
CJ Miles,2020,161,0.16,1.4
CJ Miles,2022,2,-8.34,-56.98
Darius Miller,2021,197,2.3,3.22
Malcolm Miller,2020,167,1.12,0.64
Paul Millsap,2020,1699,-0.51,1.44
Paul Millsap,2021,1271,0.33,1.71
Paul Millsap,2022,382,-2.23,1.24
Patty Mills,2020,1485,3.25,0.43
Patty Mills,2021,1685,-0.38,-0.23
Patty Mills,2022,2418,0.23,-1.81
Shake Milton,2020,931,1.68,-4.39
Shake Milton,2021,1582,0.08,-0.75
Shake Milton,2022,1337,-0.49,-1.12
Davion Mitchell,2022,2076,-1.61,0.4
Donovan Mitchell,2020,2628,3.32,-1.9
Donovan Mitchell,2021,2117,5.71,-1.87
Donovan Mitchell,2022,2495,4.72,-2.73
Naz Mitrou-Long,2020,47,-1.49,7.28
Evan Mobley,2022,2331,-2.72,1.6
Adam Mokoka,2020,112,2.23,0.0
Adam Mokoka,2021,56,-8.0,1.28
Malik Monk,2020,1169,-1.56,-2.91
Malik Monk,2021,878,0.64,-1.83
Malik Monk,2022,2139,1.79,-1.24
Greg Monroe,2022,202,-0.66,1.19
Moses Moody,2022,712,-2.6,-1.74
Matt Mooney,2020,19,-2.97,13.86
Matt Mooney,2022,2,-36.56,11.81
Xavier Moon,2022,137,0.79,-0.78
E'Twaun Moore,2020,1020,-0.3,-1.03
E'Twaun Moore,2021,435,-2.23,0.55
Ja Morant,2020,2074,0.41,-1.47
Ja Morant,2021,2256,2.0,-3.92
Ja Morant,2022,2227,4.98,-1.05
Juwan Morgan,2020,220,-0.27,0.28
Juwan Morgan,2021,153,-4.37,-6.39
Juwan Morgan,2022,46,-2.72,-12.54
Jaylen Morris,2022,16,-11.07,3.57
Markieff Morris,2020,1572,-1.53,-1.1
Markieff Morris,2021,1238,-2.83,-0.21
Markieff Morris,2022,301,-1.39,-1.77
Marcus Morris Sr.,2020,2324,0.81,0.47
Marcus Morris Sr.,2021,2106,0.08,-0.21
Marcus Morris Sr.,2022,1564,-0.06,-3.81
Monte Morris,2020,2042,0.74,-2.83
Monte Morris,2021,1482,0.96,-1.2
Monte Morris,2022,2395,1.46,-2.01
Johnathan Motley,2020,41,3.93,-0.51
Emmanuel Mudiay,2020,884,-2.9,-1.58
Emmanuel Mudiay,2022,11,-5.83,2.17
Mychal Mulder,2020,204,0.03,0.45
Mychal Mulder,2021,766,-0.81,-1.39
Mychal Mulder,2022,239,-6.08,-3.04
Ade Murkey,2022,1,-20.69,-3.56
Trey Murphy III,2022,984,0.16,-0.62
Dejounte Murray,2020,1687,-0.45,-0.13
Dejounte Murray,2021,2139,0.73,0.33
Dejounte Murray,2022,2366,3.05,-0.05
Jamal Murray,2020,2657,3.22,0.45
Jamal Murray,2021,1704,2.96,0.52
Dzanan Musa,2020,526,-3.26,0.73
Mike Muscala,2020,592,-1.29,1.24
Mike Muscala,2021,645,-0.04,2.07
Mike Muscala,2022,592,2.39,3.32
Svi Mykhailiuk,2020,1265,0.46,-0.82
Svi Mykhailiuk,2021,1324,-1.71,-1.31
Svi Mykhailiuk,2022,721,-2.94,-1.31
Abdel Nader,2020,892,-3.62,0.12
Abdel Nader,2021,384,-3.19,2.48
Abdel Nader,2022,145,-7.55,5.74
Larry Nance Jr.,2020,1472,0.06,1.1
Larry Nance Jr.,2021,1091,-2.38,2.9
Larry Nance Jr.,2022,1170,-0.08,-0.36
Shabazz Napier,2020,1344,-0.49,-0.28
RJ Nembhard Jr.,2022,63,-9.03,3.57
Aaron Nesmith,2021,744,-1.9,-0.9
Aaron Nesmith,2022,626,-2.38,0.85
Raul Neto,2020,694,-1.01,2.89
Raul Neto,2021,1515,-0.2,2.14
Raul Neto,2022,1372,-0.45,-0.71
Malik Newman,2020,4,0.0,0.0
Malik Newman,2022,8,5.29,5.38
Georges Niang,2020,1037,1.0,-1.72
Georges Niang,2021,1283,0.09,0.55
Georges Niang,2022,1934,0.26,-1.41
Daishen Nix,2022,261,-3.22,-3.25
Zeke Nnaji,2021,415,-2.28,-2.82
Zeke Nnaji,2022,707,-0.85,-1.5
Joakim Noah,2020,52,-2.46,-0.15
Nerlens Noel,2020,1224,-1.74,2.02
Nerlens Noel,2021,1639,-2.7,2.74
Nerlens Noel,2022,562,-2.97,-0.01
Zach Norvell Jr.,2020,41,-2.95,-6.34
Jaylen Nowell,2020,151,-2.56,1.76
Jaylen Nowell,2021,759,-0.89,-2.24
Jaylen Nowell,2022,987,2.66,-3.0
Frank Ntilikina,2020,1187,-2.4,0.21
Frank Ntilikina,2021,326,-3.24,1.11
Frank Ntilikina,2022,810,-2.06,3.57
James Nunnally,2021,48,-1.38,-8.42
Kendrick Nunn,2020,2201,-0.55,-0.47
Kendrick Nunn,2021,1743,0.44,-1.25
Jusuf Nurkic,2020,414,1.0,-1.1
Jusuf Nurkic,2021,1053,-0.84,4.21
Jusuf Nurkic,2022,1579,-0.2,3.39
David Nwaba,2020,268,-0.76,6.64
David Nwaba,2021,679,-0.37,3.55
David Nwaba,2022,609,0.47,-0.04
Jordan Nwora,2021,305,-0.3,-0.08
Jordan Nwora,2022,1205,-3.13,-2.49
Semi Ojeleye,2020,1133,-2.43,0.65
Semi Ojeleye,2021,962,-2.02,0.41
Semi Ojeleye,2022,406,-5.39,-4.54
Jahlil Okafor,2020,467,-1.06,-2.28
Jahlil Okafor,2021,347,-3.7,-4.04
Chuma Okeke,2021,1133,-1.48,1.72
Chuma Okeke,2022,1749,-3.56,1.08
Elie Okobo,2020,719,-1.78,-2.59
Josh Okogie,2020,1547,-2.16,0.36
Josh Okogie,2021,1197,-2.32,1.75
Josh Okogie,2022,518,-4.05,6.12
Onyeka Okongwu,2021,767,-1.79,0.66
Onyeka Okongwu,2022,1100,-0.04,2.23
Isaac Okoro,2021,2173,-2.85,-1.35
Isaac Okoro,2022,1981,-1.11,0.29
KZ Okpala,2020,26,-1.55,-3.9
KZ Okpala,2021,453,-5.35,-0.45
KZ Okpala,2022,244,-2.63,-3.33
Victor Oladipo,2020,651,-1.58,2.69
Victor Oladipo,2021,1080,-1.51,1.59
Victor Oladipo,2022,541,-1.11,1.27
Cameron Oliver,2021,87,0.74,-4.43
Cameron Oliver,2022,43,2.38,-4.97
Kelly Olynyk,2020,1558,0.81,0.06
Kelly Olynyk,2021,1997,0.54,-0.7
Kelly Olynyk,2022,764,0.6,1.28
Eugene Omoruyi,2022,18,-0.91,-3.57
Royce O'Neale,2020,2298,-0.08,1.67
Royce O'Neale,2021,2645,0.51,1.33
Royce O'Neale,2022,2594,0.24,1.2
Miye Oni,2020,123,-1.38,0.3
Miye Oni,2021,560,-2.12,-0.26
Miye Oni,2022,44,-4.39,-9.01
Kyle O'Quinn,2020,319,-0.61,-1.3
Cedi Osman,2020,1910,-0.82,-0.77
Cedi Osman,2021,1510,-1.37,-1.89
Cedi Osman,2022,1462,-0.61,-1.22
Daniel Oturu,2021,176,-3.87,-3.48
Daniel Oturu,2022,27,-3.62,-5.73
Kelly Oubre Jr.,2020,1933,-0.41,0.53
Kelly Oubre Jr.,2021,1687,-3.79,1.12
Kelly Oubre Jr.,2022,1999,0.29,-1.12
Tariq Owens,2020,15,-4.68,-14.75
Jaysean Paige,2022,7,-28.76,-6.31
Trayvon Palmer,2022,17,-7.57,-32.02
Kevin Pangos,2022,166,-4.69,-2.23
Jeremy Pargo,2020,44,2.53,-8.21
Jabari Parker,2020,917,1.25,-1.37
Jabari Parker,2021,224,-1.46,2.13
Jabari Parker,2022,112,-2.97,-2.78
Chandler Parsons,2020,54,-6.93,-4.34
Eric Paschall,2020,1654,-1.21,-3.29
Eric Paschall,2021,695,-3.03,-1.55
Eric Paschall,2022,760,0.19,-2.85
Anzejs Pasecniks,2020,437,-2.44,-0.55
Anzejs Pasecniks,2021,6,-43.37,-20.38
Patrick Patterson,2020,786,-0.06,0.15
Patrick Patterson,2021,582,-1.11,-0.87
Justin Patton,2020,24,-5.05,-6.17
Justin Patton,2021,247,-4.37,-1.82
Chris Paul,2020,2469,5.57,-2.0
Chris Paul,2021,2882,4.48,-1.34
Chris Paul,2022,2587,4.36,-0.34
Cameron Payne,2020,183,4.01,4.16
Cameron Payne,2021,1497,2.85,1.31
Cameron Payne,2022,1450,-0.62,0.74
Elfrid Payton,2020,1246,0.84,0.3
Elfrid Payton,2021,1497,-1.97,-1.28
Elfrid Payton,2022,557,-5.3,0.55
Gary Payton II,2020,432,-2.79,-0.3
Gary Payton II,2021,40,3.89,4.75
Gary Payton II,2022,1450,1.38,4.64
Norvel Pelle,2020,239,-5.1,-3.71
Norvel Pelle,2021,84,-1.54,1.08
Norvel Pelle,2022,19,-17.13,-15.68
Reggie Perry,2021,233,-2.56,-3.2
Reggie Perry,2022,187,-4.63,-3.37
Jamorko Pickett,2022,176,-3.77,-3.51
Theo Pinson,2020,365,-5.82,2.78
Theo Pinson,2021,34,-14.57,-9.17
Theo Pinson,2022,148,-2.6,0.92
Mason Plumlee,2020,1263,-0.53,0.04
Mason Plumlee,2021,1499,-0.29,-1.21
Mason Plumlee,2022,1793,-2.19,0.93
Jakob Poeltl,2020,1171,0.81,3.03
Jakob Poeltl,2021,1845,-0.55,5.08
Jakob Poeltl,2022,1970,1.64,2.39
Vincent Poirier,2020,132,-5.33,-0.2
Vincent Poirier,2021,39,-11.84,-4.22
Aleksej Pokusevski,2021,1090,-6.32,-2.85
Aleksej Pokusevski,2022,1233,-2.86,-0.04
Shamorie Ponds,2020,11,12.49,-29.3
Yves Pons,2022,71,-5.83,-0.98
Jordan Poole,2020,1274,-3.01,-1.87
Jordan Poole,2021,988,0.45,-3.01
Jordan Poole,2022,2889,1.96,-1.05
Jontay Porter,2021,54,-6.4,-0.33
Kevin Porter Jr.,2020,1162,-2.45,-1.53
Kevin Porter Jr.,2021,835,-0.46,-3.73
Kevin Porter Jr.,2022,1907,0.17,-0.08
Michael Porter Jr.,2020,1354,2.04,-0.33
Michael Porter Jr.,2021,2244,2.73,-0.45
Michael Porter Jr.,2022,265,-4.41,5.64
Otto Porter Jr.,2020,331,1.75,0.39
Otto Porter Jr.,2021,606,-0.55,-0.94
Otto Porter Jr.,2022,1767,0.75,1.8
Bobby Portis,2020,1393,-1.84,-1.06
Bobby Portis,2021,1738,1.54,1.18
Bobby Portis,2022,2326,0.43,1.61
Kristaps Porzingis,2020,1908,0.63,1.77
Kristaps Porzingis,2021,1560,1.32,-1.51
Kristaps Porzingis,2022,1481,1.26,0.6
Micah Potter,2022,31,-9.89,-2.14
Dwight Powell,2020,1061,-0.18,0.83
Dwight Powell,2021,1018,-0.07,2.13
Dwight Powell,2022,2047,0.16,0.09
Myles Powell,2022,52,-6.49,-2.93
Norman Powell,2020,1752,0.57,-0.32
Norman Powell,2021,2421,1.04,-0.85
Norman Powell,2022,1458,1.3,-2.68
Joshua Primo,2022,965,-3.74,-0.77
Taurean Prince,2020,1857,-2.39,0.22
Taurean Prince,2021,905,-0.49,-0.15
Taurean Prince,2022,1242,-1.0,-0.05
Payton Pritchard,2021,1335,0.16,-1.53
Payton Pritchard,2022,1310,1.97,-0.32
Trevelin Queen,2022,74,2.66,-1.44
Neemias Queta,2022,120,-2.64,0.45
Immanuel Quickley,2021,1320,2.16,-1.7
Immanuel Quickley,2022,1802,2.36,1.54
Jahmi'us Ramsey,2021,94,-1.07,-1.92
Jahmi'us Ramsey,2022,134,-1.22,-7.35
Chasson Randle,2020,40,-2.38,-2.9
Chasson Randle,2021,837,-4.06,-3.25
Julius Randle,2020,2080,-0.78,-0.35
Julius Randle,2021,2847,0.44,2.09
Julius Randle,2022,2544,-2.29,-0.99
Austin Reaves,2022,1418,0.0,1.69
Josh Reaves,2020,37,-7.68,0.75
Cam Reddish,2020,1551,-2.95,-0.03
Cam Reddish,2021,842,-2.29,0.06
Cam Reddish,2022,1012,-2.74,-0.71
JJ Redick,2020,1581,2.42,-3.1
JJ Redick,2021,723,-0.21,-1.7
Davon Reed,2022,668,-0.27,0.1
Paul Reed,2021,188,-1.34,-0.02
Paul Reed,2022,442,0.7,0.54
Naz Reid,2020,495,-0.41,1.56
Naz Reid,2021,1347,-1.43,0.88
Naz Reid,2022,1269,-2.66,0.67
Cameron Reynolds,2021,40,-7.37,-1.63
Josh Richardson,2020,1837,-0.14,0.78
Josh Richardson,2021,1884,-1.13,-0.93
Josh Richardson,2022,1600,-0.36,-1.06
Nick Richards,2021,63,-6.35,-3.6
Nick Richards,2022,367,-4.15,-0.57
Grant Riller,2021,27,1.33,-2.44
Austin Rivers,2020,1805,0.23,-2.13
Austin Rivers,2021,1150,-1.84,-1.27
Austin Rivers,2022,1588,-1.81,-1.07
Andre Roberson,2020,90,-4.35,5.15
Andre Roberson,2021,63,-8.0,-1.71
Duncan Robinson,2020,2766,3.31,-0.79
Duncan Robinson,2021,2362,0.41,-0.24
Duncan Robinson,2022,2202,0.6,-1.09
Glenn Robinson III,2020,1786,-0.69,-2.51
Glenn Robinson III,2021,369,-2.81,-2.87
Jerome Robinson,2020,979,-2.95,-0.41
Jerome Robinson,2021,305,-5.9,-1.61
Jeremiah Robinson-Earl,2022,1087,-3.93,0.69
Justin Robinson,2020,49,-3.17,0.0
Justin Robinson,2021,88,-2.29,-8.29
Justin Robinson,2022,304,-6.2,1.23
Mitchell Robinson,2020,1412,1.25,1.73
Mitchell Robinson,2021,853,-2.08,2.05
Mitchell Robinson,2022,1848,0.46,2.44
Isaiah Roby,2020,11,-11.79,-2.68
Isaiah Roby,2021,1425,-3.86,-1.16
Isaiah Roby,2022,948,-0.85,-1.31
Rajon Rondo,2020,1379,0.36,-3.24
Rajon Rondo,2021,990,-1.3,-2.79
Rajon Rondo,2022,697,-3.26,0.95
Derrick Rose,2020,1298,2.58,-2.22
Derrick Rose,2021,1454,1.81,1.48
Derrick Rose,2022,636,2.14,3.38
Terrence Ross,2020,2024,0.96,-0.61
Terrence Ross,2021,1347,-0.66,-1.03
Terrence Ross,2022,1448,-1.66,-3.41
Terry Rozier,2020,2164,-0.61,-1.51
Terry Rozier,2021,2383,2.74,-1.18
Terry Rozier,2022,2458,2.75,0.24
Ricky Rubio,2020,2016,1.63,-0.05
Ricky Rubio,2021,1772,-1.0,-0.42
Ricky Rubio,2022,970,0.46,3.58
D'Angelo Russell,2020,1452,3.02,-3.72
D'Angelo Russell,2021,1196,1.94,-3.18
D'Angelo Russell,2022,2273,2.35,-0.79
Matt Ryan,2022,5,-7.76,2.76
Domantas Sabonis,2020,2159,1.32,0.06
Domantas Sabonis,2021,2231,-0.1,0.38
Domantas Sabonis,2022,2136,1.37,2.28
Luka Samanic,2020,48,-1.22,4.21
Luka Samanic,2021,308,-2.99,0.78
JaKarr Sampson,2020,521,-1.66,1.95
JaKarr Sampson,2021,316,-2.53,0.47
Dario Saric,2020,1632,-0.35,-0.5
Dario Saric,2021,1018,-0.73,1.21
Olivier Sarr,2022,421,-3.44,-2.34
Tomas Satoransky,2020,1878,0.05,0.14
Tomas Satoransky,2021,1307,0.26,-0.13
Tomas Satoransky,2022,906,-2.66,-1.73
Jordan Schakel,2022,30,-9.63,8.76
Admiral Schofield,2020,368,-2.0,-3.44
Admiral Schofield,2022,469,-3.05,-1.13
Dennis Schroder,2020,2226,-0.23,1.61
Dennis Schroder,2021,2152,-0.26,0.04
Dennis Schroder,2022,1837,-2.01,-0.87
Mike Scott,2020,1227,0.76,-1.56
Mike Scott,2021,886,-2.55,-0.1
Trevon Scott,2022,11,-5.96,8.11
Jay Scrubb,2021,92,-8.63,-1.75
Jay Scrubb,2022,121,-4.61,0.29
Thabo Sefolosha,2020,436,-2.33,1.41
Wayne Selden,2022,19,-7.67,-8.09
Alperen Sengun,2022,1489,-1.04,-1.27
Collin Sexton,2020,2143,1.34,-4.65
Collin Sexton,2021,2115,0.4,-2.89
Collin Sexton,2022,316,-2.91,-0.09
Landry Shamet,2020,1695,-0.74,-1.58
Landry Shamet,2021,1609,-0.66,-0.41
Landry Shamet,2022,1629,-0.95,-0.15
Day'Ron Sharpe,2022,391,1.0,0.97
Marial Shayok,2020,28,-4.24,-2.87
Iman Shumpert,2020,241,-4.44,1.13
Iman Shumpert,2021,11,-15.09,16.41
Pascal Siakam,2020,2528,-0.25,1.0
Pascal Siakam,2021,2006,1.17,-0.75
Pascal Siakam,2022,2838,1.91,-0.2
Chris Silva,2020,346,-1.09,-3.19
Chris Silva,2021,92,-3.49,1.28
Chris Silva,2022,91,-3.02,-3.21
Ben Simmons,2020,2017,-0.11,2.44
Ben Simmons,2021,2279,0.69,1.84
Anfernee Simons,2020,1531,-2.28,-3.07
Anfernee Simons,2021,1211,0.72,-3.82
Anfernee Simons,2022,1681,2.2,-2.47
Marko Simonovic,2022,35,-4.89,6.48
Zavier Simpson,2022,174,-6.75,-2.76
Jericho Sims,2022,555,-2.71,1.76
Deividas Sirvydis,2021,133,-5.0,1.3
Deividas Sirvydis,2022,27,-11.88,10.73
Alen Smailagic,2020,139,-0.56,-1.12
Alen Smailagic,2021,84,-3.72,-5.35
Javonte Smart,2022,200,-3.85,-0.31
Marcus Smart,2020,2567,1.0,1.9
Marcus Smart,2021,1764,1.03,-0.14
Marcus Smart,2022,3056,1.22,1.61
Dennis Smith Jr.,2020,537,-5.23,-0.83
Dennis Smith Jr.,2021,420,-1.49,4.92
Dennis Smith Jr.,2022,638,-2.46,0.35
Ish Smith,2020,1787,-0.32,-2.37
Ish Smith,2021,1035,-0.59,0.94
Ish Smith,2022,1126,-2.22,-1.98
Jalen Smith,2021,174,-5.36,-4.65
Jalen Smith,2022,925,-0.47,-0.54
JR Smith,2020,154,-8.86,-5.48
Zhaire Smith,2020,32,-7.19,-2.04
Xavier Sneed,2022,39,-6.69,-2.4
Tony Snell,2020,1641,-0.21,-1.68
Tony Snell,2021,1058,-1.08,-1.87
Tony Snell,2022,823,-2.3,-1.31
Ray Spalding,2021,19,-11.49,-2.54
Omari Spellman,2020,886,-3.03,-1.47
Jaden Springer,2022,19,-1.09,-5.18
Cassius Stanley,2021,93,-2.78,-1.85
Cassius Stanley,2022,155,-2.81,0.34
Nik Stauskas,2022,63,-0.59,-0.87
Lance Stephenson,2022,814,-0.64,-5.27
Lamar Stevens,2021,499,-3.79,-0.18
Lamar Stevens,2022,1015,-2.55,-0.04
Isaiah Stewart,2021,1455,-1.64,3.06
Isaiah Stewart,2022,1816,-3.14,0.83
Max Strus,2020,6,18.82,10.59
Max Strus,2021,513,1.27,-1.56
Max Strus,2022,2110,1.97,0.31
Jalen Suggs,2022,1307,-4.16,2.83
Edmond Sumner,2020,488,-1.86,-1.63
Edmond Sumner,2021,861,-1.12,-1.76
Caleb Swanigan,2020,288,-4.19,-2.28
Craig Sword,2022,19,-0.1,8.47
Keifer Sykes,2022,566,-5.24,-1.01
Jae'Sean Tate,2021,2043,-0.4,1.18
Jae'Sean Tate,2022,2056,-1.31,0.78
Jayson Tatum,2020,2955,3.4,2.1
Jayson Tatum,2021,2475,4.17,-1.39
Jayson Tatum,2022,3714,3.96,1.59
Terry Taylor,2022,714,1.2,-3.09
Jeff Teague,2020,1464,0.19,-3.32
Jeff Teague,2021,1069,-1.13,-1.39
Garrett Temple,2020,1867,-1.46,0.28
Garrett Temple,2021,1528,-1.62,1.86
Garrett Temple,2022,1100,-3.0,-0.57
Emanuel Terry,2022,18,-16.45,6.7
Tyrell Terry,2021,56,-5.48,7.81
Tyrell Terry,2022,3,7.6,-23.07
Jon Teske,2022,8,-13.2,-5.41
Daniel Theis,2020,2048,-0.87,1.97
Daniel Theis,2021,1601,-1.42,1.65
Daniel Theis,2022,1177,-3.42,0.74
Brodric Thomas,2021,399,-3.02,1.9
Brodric Thomas,2022,60,0.83,-3.45
Cam Thomas,2022,1176,-1.67,-2.5
Isaiah Thomas,2020,925,-0.85,-5.66
Isaiah Thomas,2021,48,-7.42,2.62
Isaiah Thomas,2022,333,-0.4,-1.65
Khyri Thomas,2020,61,-5.76,-2.41
Khyri Thomas,2021,153,6.43,4.37
Lance Thomas,2020,115,-3.97,-8.6
Matt Thomas,2020,524,2.1,-0.56
Matt Thomas,2021,333,-3.36,-5.06
Matt Thomas,2022,459,-1.04,0.39
Klay Thompson,2022,1733,0.98,-1.75
Tristan Thompson,2020,1721,-2.3,1.0
Tristan Thompson,2021,1419,-2.03,-0.62
Tristan Thompson,2022,935,-1.14,-0.59
JT Thor,2022,262,-3.0,-1.41
Sindarius Thornwell,2020,35,6.03,-3.75
Sindarius Thornwell,2021,217,-2.17,1.62
Matisse Thybulle,2020,1362,-1.53,3.27
Matisse Thybulle,2021,1518,-2.24,5.02
Matisse Thybulle,2022,1822,-2.22,4.01
Killian Tillie,2021,182,-2.64,0.45
Killian Tillie,2022,461,-3.34,0.84
Xavier Tillman,2021,1103,-1.56,0.44
Xavier Tillman,2022,840,-2.82,3.01
Isaiah Todd,2022,74,-8.84,-0.15
Anthony Tolliver,2020,872,-2.8,0.29
Anthony Tolliver,2021,101,-3.63,4.51
Obi Toppin,2021,748,-1.85,0.5
Obi Toppin,2022,1230,-0.54,-0.25
Juan Toscano-Anderson,2020,272,-2.52,0.48
Juan Toscano-Anderson,2021,1107,-1.53,2.19
Juan Toscano-Anderson,2022,1043,-1.99,0.95
Axel Toupane,2021,71,-1.46,2.67
Karl-Anthony Towns,2020,1187,5.77,0.9
Karl-Anthony Towns,2021,1689,3.56,-0.2
Karl-Anthony Towns,2022,2698,3.31,-1.18
Gary Trent Jr.,2020,1485,0.51,-0.49
Gary Trent Jr.,2021,1802,-0.19,-2.6
Gary Trent Jr.,2022,2647,1.42,-1.02
Allonzo Trier,2020,291,-1.16,-5.65
P.J. Tucker,2020,2881,-2.1,2.31
P.J. Tucker,2021,2037,-3.26,0.53
P.J. Tucker,2022,2490,-0.63,2.33
Rayjon Tucker,2020,172,-2.37,-1.15
Rayjon Tucker,2021,70,-1.79,3.16
Rayjon Tucker,2022,90,1.28,-2.76
Evan Turner,2020,251,-5.61,0.6
Myles Turner,2020,1972,-2.5,1.73
Myles Turner,2021,1455,-2.27,4.72
Myles Turner,2022,1235,-1.15,2.46
Jarrod Uthoff,2020,53,1.71,-4.02
Jonas Valanciunas,2020,1845,0.49,2.06
Jonas Valanciunas,2021,1921,2.0,0.6
Jonas Valanciunas,2022,2415,1.01,0.55
Denzel Valentine,2020,488,-0.08,1.75
Denzel Valentine,2021,1036,-1.61,-0.16
Denzel Valentine,2022,222,-2.58,0.9
Jarred Vanderbilt,2020,46,-8.95,-1.1
Jarred Vanderbilt,2021,1139,-0.92,2.9
Jarred Vanderbilt,2022,2009,0.15,1.74
Fred VanVleet,2020,2358,1.7,1.1
Fred VanVleet,2021,1899,2.62,2.28
Fred VanVleet,2022,2602,3.45,1.07
Anderson Varejao,2021,36,-7.81,-6.23
Devin Vassell,2021,1056,-1.15,-0.66
Devin Vassell,2022,1937,-0.22,-0.56
Luca Vildoza,2022,17,-4.64,3.62
Gabe Vincent,2020,83,-8.04,1.46
Gabe Vincent,2021,669,-1.73,-0.4
Gabe Vincent,2022,2012,-0.4,1.34
Noah Vonleh,2020,380,-3.47,1.93
Noah Vonleh,2021,11,-22.55,-16.46
Nikola Vucevic,2020,2183,0.98,1.26
Nikola Vucevic,2021,2348,0.85,0.77
Nikola Vucevic,2022,2599,-1.82,1.56
Dean Wade,2020,71,-2.94,-2.75
Dean Wade,2021,1212,-1.87,-0.42
Dean Wade,2022,980,-1.16,1.88
Franz Wagner,2022,2429,0.47,0.84
Moritz Wagner,2020,835,-1.85,1.21
Moritz Wagner,2021,722,-3.11,1.83
Moritz Wagner,2022,960,0.45,-1.51
Ish Wainright,2022,385,-1.77,1.33
Dion Waiters,2020,245,-1.48,-2.03
Kemba Walker,2020,2370,4.83,-0.1
Kemba Walker,2021,1460,2.84,0.23
Kemba Walker,2022,948,-0.26,0.06
Lonnie Walker IV,2020,988,-2.24,-1.16
Lonnie Walker IV,2021,1522,-1.86,-3.87
Lonnie Walker IV,2022,1612,-1.41,-1.83
MJ Walker,2022,8,-3.41,11.62
Tyrone Wallace,2020,160,-6.4,1.42
Tyrone Wallace,2022,75,-5.81,-1.8
John Wall,2021,1288,-1.02,-1.29
Derrick Walton Jr.,2020,248,-1.4,-0.04
Derrick Walton Jr.,2022,108,-6.17,7.75
Brad Wanamaker,2020,1642,-0.53,-0.61
Brad Wanamaker,2021,1053,-2.89,-0.71
Brad Wanamaker,2022,320,-3.25,-2.08
T.J. Warren,2020,2358,0.76,0.21
T.J. Warren,2021,117,-3.25,-1.85
Duane Washington Jr.,2022,968,-0.97,-1.85
P.J. Washington,2020,1759,-2.4,-0.69
P.J. Washington,2021,1954,-2.24,0.55
P.J. Washington,2022,1768,0.06,-1.38
Yuta Watanabe,2020,105,-1.18,2.87
Yuta Watanabe,2021,723,-1.34,0.16
Yuta Watanabe,2022,455,-3.21,-1.86
Lindy Waters III,2022,465,0.71,0.7
Tremont Waters,2020,121,-7.73,2.02
Tremont Waters,2021,244,0.89,-2.56
Tremont Waters,2022,50,-6.35,-6.79
Trendon Watford,2022,869,-2.68,-4.61
Paul Watson,2020,96,3.05,-1.0
Paul Watson,2021,297,0.57,-5.0
Paul Watson,2022,156,-5.19,-6.33
Quinndary Weatherspoon,2020,78,-4.63,-5.54
Quinndary Weatherspoon,2021,121,-5.53,-5.92
Quinndary Weatherspoon,2022,73,0.21,-4.24
Russell Westbrook,2020,2311,-0.42,-0.56
Russell Westbrook,2021,2555,0.25,-2.24
Russell Westbrook,2022,2678,-1.16,-2.07
Coby White,2020,1674,-0.94,-1.52
Coby White,2021,2156,-1.42,-1.11
Coby White,2022,1773,0.28,-2.35
Derrick White,2020,1677,1.21,2.19
Derrick White,2021,1064,1.41,3.21
Derrick White,2022,2784,0.36,3.11
Hassan Whiteside,2020,2114,0.7,2.26
Hassan Whiteside,2021,546,-4.72,0.82
Hassan Whiteside,2022,1227,1.01,2.26
Greg Whittington,2021,12,-10.64,-1.93
Joe Wieskamp,2022,205,-2.58,-2.68
Aaron Wiggins,2022,1209,-1.85,-1.7
Andrew Wiggins,2020,1858,0.55,-2.08
Andrew Wiggins,2021,2364,-1.07,0.5
Andrew Wiggins,2022,3096,0.22,1.92
Lindell Wigginton,2022,199,-3.07,-3.4
Brandon Williams,2022,640,-2.84,-1.79
Grant Williams,2020,1213,-2.89,2.19
Grant Williams,2021,1195,-2.95,0.15
Grant Williams,2022,2529,-1.02,0.38
Johnathan Williams,2020,180,-1.75,-4.76
Kenrich Williams,2020,832,-2.05,2.37
Kenrich Williams,2021,1426,0.88,0.22
Kenrich Williams,2022,1072,-1.21,3.77
Lou Williams,2020,2205,2.22,-2.72
Lou Williams,2021,1700,0.31,-3.1
Lou Williams,2022,799,-1.32,-1.08
Marvin Williams,2020,1308,-0.77,-0.44
Nigel Williams-Goss,2020,52,-2.62,0.01
Patrick Williams,2021,1983,-3.39,-0.33
Patrick Williams,2022,575,-1.7,-2.52
Robert Williams III,2020,537,0.79,2.35
Robert Williams III,2021,1031,0.83,0.26
Robert Williams III,2022,2198,0.64,3.02
Zion Williamson,2020,668,1.22,0.22
Zion Williamson,2021,2026,3.62,-0.65
Ziaire Williams,2022,1514,-0.99,-0.9
D.J. Wilson,2020,363,-5.13,-2.72
D.J. Wilson,2021,433,-3.87,0.76
D.J. Wilson,2022,54,1.45,-0.76
Dylan Windler,2021,513,-1.35,-0.43
Dylan Windler,2022,459,-1.9,1.36
Justise Winslow,2020,352,-1.97,1.07
Justise Winslow,2021,510,-6.79,2.12
Justise Winslow,2022,774,-1.22,1.82
Cassius Winston,2021,103,-3.92,-9.69
Cassius Winston,2022,39,-2.65,-3.59
James Wiseman,2021,836,-6.84,-1.67
Robert Woodard II,2021,45,1.24,-4.34
Robert Woodard II,2022,42,-4.86,1.71
Christian Wood,2020,1325,1.78,2.66
Christian Wood,2021,1326,-0.12,2.57
Christian Wood,2022,2094,-0.8,-1.24
Delon Wright,2020,1623,0.36,0.42
Delon Wright,2021,1748,0.92,1.71
Delon Wright,2022,1589,-0.25,2.54
Justin Wright-Foreman,2020,45,-4.36,-8.2
McKinley Wright IV,2022,19,-1.29,-8.51
Moses Wright,2022,14,-0.21,-2.8
Gabe York,2022,21,0.76,2.3
Thaddeus Young,2020,1591,-2.87,0.76
Thaddeus Young,2021,1652,3.29,1.44
Thaddeus Young,2022,932,-0.54,0.73
Trae Young,2020,2120,7.05,-3.33
Trae Young,2021,2728,6.07,-3.95
Trae Young,2022,2838,6.72,-3.05
Omer Yurtseven,2022,744,-2.05,0.88
Cody Zeller,2020,1341,-0.36,-1.29
Cody Zeller,2021,1005,-0.14,1.18
Cody Zeller,2022,355,-0.22,-3.23
Tyler Zeller,2020,4,10.35,11.04
Ante Zizic,2020,221,-2.53,-0.59
Ivica Zubac,2020,1646,1.1,3.55
Ivica Zubac,2021,1910,-0.91,2.53
Ivica Zubac,2022,1852,-0.69,0.72
